first_name,middle_name,last_name,job,employer,rating,reviews,students,courses,thumbnail,bio,created_at,updated_at
Esther,Stephania,Hauck,National Identity Facilitator,Willms - Kulas,4.6,9820,351823,41,https://authors-avatar.s3.amazonaws.com/1.jpg,Esther Stephania Hauck has a BS in Corporate.,2021-08-05 05:33:17,2021-08-05 05:33:17
Amiya,Gertrude,Orn,Product Data Specialist,McDermott and Sons,5.0,72288,97329,21,https://authors-avatar.s3.amazonaws.com/2.jpg,Amiya Gertrude Orn has a BS in Internal.,2021-08-05 05:33:17,2021-08-05 05:33:17
Assunta,Hailee,Brown,Future Identity Representative,Balistreri,4.2,47329,922611,21,https://authors-avatar.s3.amazonaws.com/3.jpg,Assunta Hailee Brown has a BS in Dynamic.,2021-08-05 05:33:17,2021-08-05 05:33:17
Lauriane,Jerry,Schinner,District Interactions Supervisor,Johns,3.1,84412,606810,81,https://authors-avatar.s3.amazonaws.com/4.jpg,Lauriane Jerry Schinner has a BS in Dynamic.,2021-08-05 05:33:17,2021-08-05 05:33:17
Matt,Eve,Stroman,District Tactics Consultant,Hartmann,3.9,61169,549590,41,https://authors-avatar.s3.amazonaws.com/5.jpg,Matt Eve Stroman has a BS in National.,2021-08-05 05:33:17,2021-08-05 05:33:17
Kayden,Cathrine,Pouros,International Interactions Officer,Runolfsson,3.2,2766,840475,21,https://authors-avatar.s3.amazonaws.com/6.jpg,Kayden Cathrine Pouros has a BS in Lead.,2021-08-05 05:33:17,2021-08-05 05:33:17
Cletus,Roselyn,Powlowski,Future Applications Consultant,Denesik,3.9,19941,921878,79,https://authors-avatar.s3.amazonaws.com/7.jpg,Cletus Roselyn Powlowski has a BS in Product.,2021-08-05 05:33:17,2021-08-05 05:33:17
Selmer,Genesis,Lubowitz,Customer Program Developer,Barrows Group,4.3,50913,921517,14,https://authors-avatar.s3.amazonaws.com/8.jpg,Selmer Genesis Lubowitz has a BS in Senior.,2021-08-05 05:33:17,2021-08-05 05:33:17
Edmund,Nikolas,Cummings,Human Directives Producer,Conroy Inc,4.8,19032,583116,93,https://authors-avatar.s3.amazonaws.com/9.jpg,Edmund Nikolas Cummings has a BS in Dynamic.,2021-08-05 05:33:17,2021-08-05 05:33:17
Onie,Gilberto,Swaniawski,International Research Producer,Lakin LLC,4.5,56784,149723,25,https://authors-avatar.s3.amazonaws.com/10.jpg,Onie Gilberto Swaniawski has a BS in Global.,2021-08-05 05:33:17,2021-08-05 05:33:17
Dante,Gerardo,Anderson,Regional Solutions Administrator,Stracke,3.9,93314,281047,18,https://authors-avatar.s3.amazonaws.com/11.jpg,Dante Gerardo Anderson has a BS in Human.,2021-08-05 05:33:17,2021-08-05 05:33:17
Rita,Myles,Farrell,Central Functionality Director,Conn,3.5,37850,531047,97,https://authors-avatar.s3.amazonaws.com/12.jpg,Rita Myles Farrell has a BS in Investor.,2021-08-05 05:33:17,2021-08-05 05:33:17
Alfonso,Sydnie,Rolfson,District Metrics Analyst,Franecki,3.5,85009,724586,15,https://authors-avatar.s3.amazonaws.com/13.jpg,Alfonso Sydnie Rolfson has a BS in International.,2021-08-05 05:33:17,2021-08-05 05:33:17
Maci,Ashtyn,Cormier,District Tactics Technician,Murazik - Lemke,3.9,15292,313932,30,https://authors-avatar.s3.amazonaws.com/14.jpg,Maci Ashtyn Cormier has a BS in Lead.,2021-08-05 05:33:17,2021-08-05 05:33:17
Urban,Heber,Heathcote,Regional Web Technician,Romaguera Group,3.4,86825,45521,32,https://authors-avatar.s3.amazonaws.com/15.jpg,Urban Heber Heathcote has a BS in Lead.,2021-08-05 05:33:17,2021-08-05 05:33:17
Davon,Forrest,Kuhn,Legacy Directives Agent,Nolan - Krajcik,4.5,42332,235006,26,https://authors-avatar.s3.amazonaws.com/16.jpg,Davon Forrest Kuhn has a BS in International.,2021-08-05 05:33:17,2021-08-05 05:33:17
Clinton,Tracey,Gerhold,Senior Implementation Executive,Koch - Fritsch,5.0,19992,306089,74,https://authors-avatar.s3.amazonaws.com/17.jpg,Clinton Tracey Gerhold has a BS in Principal.,2021-08-05 05:33:17,2021-08-05 05:33:17
David,Araceli,Feeney,Legacy Directives Officer,Ruecker Group,4.6,88974,267053,72,https://authors-avatar.s3.amazonaws.com/18.jpg,David Araceli Feeney has a BS in Regional.,2021-08-05 05:33:17,2021-08-05 05:33:17
Bert,Elmo,Hilll,Chief Tactics Strategist,Bergnaum Group,4.1,26999,667754,55,https://authors-avatar.s3.amazonaws.com/19.jpg,Bert Elmo Hilll has a BS in Chief.,2021-08-05 05:33:17,2021-08-05 05:33:17
Jake,Jeremie,Littel,International Assurance Developer,Kerluke LLC,4.8,39700,32575,81,https://authors-avatar.s3.amazonaws.com/20.jpg,Jake Jeremie Littel has a BS in Central.,2021-08-05 05:33:17,2021-08-05 05:33:17
Keenan,Raegan,Schiller,Senior Tactics Specialist,Bednar,3.8,56907,417588,49,https://authors-avatar.s3.amazonaws.com/21.jpg,Keenan Raegan Schiller has a BS in Corporate.,2021-08-05 05:33:17,2021-08-05 05:33:17
Maybell,Aron,Wuckert,Forward Applications Executive,Kozey,3.2,95327,674820,32,https://authors-avatar.s3.amazonaws.com/22.jpg,Maybell Aron Wuckert has a BS in Senior.,2021-08-05 05:33:17,2021-08-05 05:33:17
Percy,Brayan,Russel,Internal Creative Planner,Skiles - Gleason,4.8,25379,412047,90,https://authors-avatar.s3.amazonaws.com/23.jpg,Percy Brayan Russel has a BS in Senior.,2021-08-05 05:33:17,2021-08-05 05:33:17
Daryl,Germaine,Jones,Product Operations Producer,Kutch - Green,4.1,26562,99810,23,https://authors-avatar.s3.amazonaws.com/24.jpg,Daryl Germaine Jones has a BS in Central.,2021-08-05 05:33:17,2021-08-05 05:33:17
Rolando,Rosalia,Hodkiewicz,Investor Integration Orchestrator,Wilkinson - Schoen,4.4,51557,341796,48,https://authors-avatar.s3.amazonaws.com/25.jpg,Rolando Rosalia Hodkiewicz has a BS in Internal.,2021-08-05 05:33:17,2021-08-05 05:33:17
Celestino,Aileen,Turner,Customer Creative Administrator,Stark LLC,3.9,45391,776447,53,https://authors-avatar.s3.amazonaws.com/26.jpg,Celestino Aileen Turner has a BS in Dynamic.,2021-08-05 05:33:17,2021-08-05 05:33:17
Quinten,Marjory,Braun,National Group Orchestrator,Kuhic,3.4,42373,618558,85,https://authors-avatar.s3.amazonaws.com/27.jpg,Quinten Marjory Braun has a BS in Future.,2021-08-05 05:33:17,2021-08-05 05:33:17
Tavares,Aubree,Daniel,Investor Division Producer,Heathcote LLC,4.3,19991,950138,60,https://authors-avatar.s3.amazonaws.com/28.jpg,Tavares Aubree Daniel has a BS in International.,2021-08-05 05:33:17,2021-08-05 05:33:17
Estelle,Tito,Waelchi,Direct Program Supervisor,Raynor,3.1,76988,697834,36,https://authors-avatar.s3.amazonaws.com/29.jpg,Estelle Tito Waelchi has a BS in District.,2021-08-05 05:33:17,2021-08-05 05:33:17
Destiney,Christophe,Leannon,Regional Identity Liaison,Quitzon LLC,4.6,25377,550039,95,https://authors-avatar.s3.amazonaws.com/30.jpg,Destiney Christophe Leannon has a BS in Global.,2021-08-05 05:33:17,2021-08-05 05:33:17
Helmer,Gianni,Gislason,Future Applications Strategist,McLaughlin - Senger,4.8,212,819911,73,https://authors-avatar.s3.amazonaws.com/31.jpg,Helmer Gianni Gislason has a BS in Dynamic.,2021-08-05 05:33:17,2021-08-05 05:33:17
Abel,Camryn,Borer,Customer Configuration Engineer,Marks,3.7,15044,46050,65,https://authors-avatar.s3.amazonaws.com/32.jpg,Abel Camryn Borer has a BS in Chief.,2021-08-05 05:33:17,2021-08-05 05:33:17
Alanis,Kenny,Howell,Dynamic Integration Specialist,Schumm and Sons,3.8,60707,991560,38,https://authors-avatar.s3.amazonaws.com/33.jpg,Alanis Kenny Howell has a BS in Principal.,2021-08-05 05:33:17,2021-08-05 05:33:17
Carlie,Paul,Hyatt,Principal Division Manager,Becker,3.7,19768,515235,31,https://authors-avatar.s3.amazonaws.com/34.jpg,Carlie Paul Hyatt has a BS in International.,2021-08-05 05:33:17,2021-08-05 05:33:17
Rosie,Vance,Quitzon,Forward Solutions Designer,Sauer,4.9,71125,600488,22,https://authors-avatar.s3.amazonaws.com/35.jpg,Rosie Vance Quitzon has a BS in Forward.,2021-08-05 05:33:17,2021-08-05 05:33:17
Reyna,Bud,Hayes,Future Branding Consultant,Kuhic,4.3,45792,220981,83,https://authors-avatar.s3.amazonaws.com/36.jpg,Reyna Bud Hayes has a BS in Corporate.,2021-08-05 05:33:17,2021-08-05 05:33:17
Orval,Vernice,Dietrich,Customer Applications Planner,Zemlak Inc,3.9,78850,728765,45,https://authors-avatar.s3.amazonaws.com/37.jpg,Orval Vernice Dietrich has a BS in Principal.,2021-08-05 05:33:17,2021-08-05 05:33:17
Bud,London,Kulas,Central Assurance Architect,Lowe - Wiza,4.6,16149,959407,66,https://authors-avatar.s3.amazonaws.com/38.jpg,Bud London Kulas has a BS in Internal.,2021-08-05 05:33:17,2021-08-05 05:33:17
Arnaldo,Armand,Lakin,National Intranet Officer,Ziemann Group,4.9,64213,217207,90,https://authors-avatar.s3.amazonaws.com/39.jpg,Arnaldo Armand Lakin has a BS in Forward.,2021-08-05 05:33:17,2021-08-05 05:33:17
Mallie,Yesenia,Schoen,Legacy Configuration Agent,Spencer,4.8,92731,691423,54,https://authors-avatar.s3.amazonaws.com/40.jpg,Mallie Yesenia Schoen has a BS in Chief.,2021-08-05 05:33:17,2021-08-05 05:33:17
Titus,Bianka,Bartell,Dynamic Data Orchestrator,Grimes - Bogisich,4.5,65190,554362,18,https://authors-avatar.s3.amazonaws.com/41.jpg,Titus Bianka Bartell has a BS in Direct.,2021-08-05 05:33:17,2021-08-05 05:33:17
Sylvester,Zoila,Hyatt,Human Marketing Planner,Keeling and Sons,4.7,84431,981378,79,https://authors-avatar.s3.amazonaws.com/42.jpg,Sylvester Zoila Hyatt has a BS in Dynamic.,2021-08-05 05:33:17,2021-08-05 05:33:17
Kylee,Ansley,Adams,Principal Operations Administrator,Cruickshank and Sons,4.9,58354,674670,30,https://authors-avatar.s3.amazonaws.com/43.jpg,Kylee Ansley Adams has a BS in Lead.,2021-08-05 05:33:17,2021-08-05 05:33:17
Chyna,Felix,Blanda,Lead Research Developer,Nolan and Sons,3.6,38570,509115,81,https://authors-avatar.s3.amazonaws.com/44.jpg,Chyna Felix Blanda has a BS in Chief.,2021-08-05 05:33:17,2021-08-05 05:33:17
Kraig,Rickey,Tromp,District Functionality Consultant,Flatley,3.2,46517,330581,34,https://authors-avatar.s3.amazonaws.com/45.jpg,Kraig Rickey Tromp has a BS in District.,2021-08-05 05:33:17,2021-08-05 05:33:17
Lue,Meagan,Denesik,Central Web Representative,O'Conner - Harvey,3.8,16927,319921,33,https://authors-avatar.s3.amazonaws.com/46.jpg,Lue Meagan Denesik has a BS in Senior.,2021-08-05 05:33:17,2021-08-05 05:33:17
Aidan,Rosalind,Rice,Senior Paradigm Manager,Dickens - Lind,3.4,64480,344873,46,https://authors-avatar.s3.amazonaws.com/47.jpg,Aidan Rosalind Rice has a BS in Human.,2021-08-05 05:33:17,2021-08-05 05:33:17
Hank,Leila,Jacobson,Principal Infrastructure Developer,Tromp,3.0,23350,579672,27,https://authors-avatar.s3.amazonaws.com/48.jpg,Hank Leila Jacobson has a BS in International.,2021-08-05 05:33:17,2021-08-05 05:33:17
Janiya,Marco,Considine,Human Tactics Assistant,Pagac Group,4.2,39908,959846,97,https://authors-avatar.s3.amazonaws.com/49.jpg,Janiya Marco Considine has a BS in Future.,2021-08-05 05:33:17,2021-08-05 05:33:17
Devin,Marquis,Langworth,National Directives Developer,Marks,3.8,99567,205260,43,https://authors-avatar.s3.amazonaws.com/50.jpg,Devin Marquis Langworth has a BS in District.,2021-08-05 05:33:17,2021-08-05 05:33:17
Isai,Aiden,Mann,Senior Markets Liaison,Towne,4.6,81651,976970,27,https://authors-avatar.s3.amazonaws.com/51.jpg,Isai Aiden Mann has a BS in Dynamic.,2021-08-05 05:33:17,2021-08-05 05:33:17
Consuelo,Lesly,Schulist,Human Applications Consultant,Nikolaus Group,3.7,52215,836932,82,https://authors-avatar.s3.amazonaws.com/52.jpg,Consuelo Lesly Schulist has a BS in Dynamic.,2021-08-05 05:33:17,2021-08-05 05:33:17
Myrtle,Angelina,Jones,Internal Security Assistant,Rodriguez - Bode,3.7,98444,966527,57,https://authors-avatar.s3.amazonaws.com/53.jpg,Myrtle Angelina Jones has a BS in Dynamic.,2021-08-05 05:33:17,2021-08-05 05:33:17
Earline,Hannah,Weimann,Human Interactions Officer,Skiles Inc,5.0,17065,850945,31,https://authors-avatar.s3.amazonaws.com/54.jpg,Earline Hannah Weimann has a BS in Dynamic.,2021-08-05 05:33:17,2021-08-05 05:33:17
Jake,Nicole,Koepp,National Mobility Developer,Kemmer - Lakin,3.5,57170,458839,22,https://authors-avatar.s3.amazonaws.com/55.jpg,Jake Nicole Koepp has a BS in Human.,2021-08-05 05:33:17,2021-08-05 05:33:17
Presley,David,Russel,Forward Markets Developer,Osinski,3.4,83755,746253,49,https://authors-avatar.s3.amazonaws.com/56.jpg,Presley David Russel has a BS in Dynamic.,2021-08-05 05:33:17,2021-08-05 05:33:17
Kassandra,Mohammed,Robel,Product Group Producer,Fisher - Leuschke,3.7,52848,614143,56,https://authors-avatar.s3.amazonaws.com/57.jpg,Kassandra Mohammed Robel has a BS in Global.,2021-08-05 05:33:17,2021-08-05 05:33:17
Selmer,Arvel,Hagenes,Human Accounts Planner,Quigley Inc,4.9,91832,5587,42,https://authors-avatar.s3.amazonaws.com/58.jpg,Selmer Arvel Hagenes has a BS in Global.,2021-08-05 05:33:17,2021-08-05 05:33:17
Anika,Dax,Nikolaus,District Communications Architect,Abshire Inc,4.9,93841,631956,46,https://authors-avatar.s3.amazonaws.com/59.jpg,Anika Dax Nikolaus has a BS in Direct.,2021-08-05 05:33:17,2021-08-05 05:33:17
Hector,Keagan,Johnson,Corporate Web Liaison,Sanford and Sons,3.9,13907,184643,15,https://authors-avatar.s3.amazonaws.com/60.jpg,Hector Keagan Johnson has a BS in Dynamic.,2021-08-05 05:33:17,2021-08-05 05:33:17
Marina,Koby,Hilll,Product Data Technician,Towne,4.8,48277,755012,86,https://authors-avatar.s3.amazonaws.com/61.jpg,Marina Koby Hilll has a BS in Human.,2021-08-05 05:33:17,2021-08-05 05:33:17
Lizzie,Isaiah,Hamill,Human Directives Consultant,Schaden Group,3.6,19157,216801,16,https://authors-avatar.s3.amazonaws.com/62.jpg,Lizzie Isaiah Hamill has a BS in Lead.,2021-08-05 05:33:17,2021-08-05 05:33:17
Kobe,Jefferey,Dickens,National Communications Coordinator,Will,3.6,4473,291279,67,https://authors-avatar.s3.amazonaws.com/63.jpg,Kobe Jefferey Dickens has a BS in National.,2021-08-05 05:33:17,2021-08-05 05:33:17
Mikel,Frieda,Gleichner,Chief Identity Associate,Schamberger,3.3,29353,215241,87,https://authors-avatar.s3.amazonaws.com/64.jpg,Mikel Frieda Gleichner has a BS in Product.,2021-08-05 05:33:17,2021-08-05 05:33:17
Mikayla,Joesph,Purdy,Future Infrastructure Assistant,Witting - McLaughlin,4.2,36223,637231,50,https://authors-avatar.s3.amazonaws.com/65.jpg,Mikayla Joesph Purdy has a BS in Customer.,2021-08-05 05:33:17,2021-08-05 05:33:17
Salvatore,Pink,Gorczany,Central Intranet Officer,Hoppe Group,3.4,27349,26620,74,https://authors-avatar.s3.amazonaws.com/66.jpg,Salvatore Pink Gorczany has a BS in Corporate.,2021-08-05 05:33:17,2021-08-05 05:33:17
Henderson,Maddison,Williamson,Legacy Data Developer,Gibson LLC,4.3,45381,502328,65,https://authors-avatar.s3.amazonaws.com/67.jpg,Henderson Maddison Williamson has a BS in Legacy.,2021-08-05 05:33:17,2021-08-05 05:33:17
Mustafa,Jasper,Stoltenberg,Chief Configuration Strategist,Dicki Group,4.6,43840,969581,43,https://authors-avatar.s3.amazonaws.com/68.jpg,Mustafa Jasper Stoltenberg has a BS in Investor.,2021-08-05 05:33:17,2021-08-05 05:33:17
Christian,Landen,Maggio,Dynamic Configuration Coordinator,Ebert - McCullough,4.4,30261,43074,15,https://authors-avatar.s3.amazonaws.com/69.jpg,Christian Landen Maggio has a BS in Central.,2021-08-05 05:33:17,2021-08-05 05:33:17
Malcolm,Rosina,Marquardt,International Quality Producer,Mitchell,4.3,9210,949335,93,https://authors-avatar.s3.amazonaws.com/70.jpg,Malcolm Rosina Marquardt has a BS in Dynamic.,2021-08-05 05:33:17,2021-08-05 05:33:17
Lexus,Clementine,Cummings,Customer Communications Agent,Purdy - Casper,4.7,23569,70534,86,https://authors-avatar.s3.amazonaws.com/71.jpg,Lexus Clementine Cummings has a BS in Central.,2021-08-05 05:33:17,2021-08-05 05:33:17
Weston,Karson,Gerlach,Human Brand Technician,Upton - Mayert,3.9,56033,399945,44,https://authors-avatar.s3.amazonaws.com/72.jpg,Weston Karson Gerlach has a BS in International.,2021-08-05 05:33:17,2021-08-05 05:33:17
Zoie,Giuseppe,Hilll,District Group Executive,Smitham and Sons,4.5,49419,658307,63,https://authors-avatar.s3.amazonaws.com/73.jpg,Zoie Giuseppe Hilll has a BS in Dynamic.,2021-08-05 05:33:17,2021-08-05 05:33:17
Grady,Jeanie,Jerde,Forward Research Consultant,Schinner and Sons,4.1,73226,152405,20,https://authors-avatar.s3.amazonaws.com/74.jpg,Grady Jeanie Jerde has a BS in Internal.,2021-08-05 05:33:17,2021-08-05 05:33:17
Nathanael,Elda,Durgan,Lead Marketing Administrator,Weimann - Russel,4.9,67726,203189,60,https://authors-avatar.s3.amazonaws.com/75.jpg,Nathanael Elda Durgan has a BS in National.,2021-08-05 05:33:17,2021-08-05 05:33:17
Chadrick,Cullen,Hickle,Global Accounts Executive,Bosco and Sons,3.7,13597,645493,74,https://authors-avatar.s3.amazonaws.com/76.jpg,Chadrick Cullen Hickle has a BS in Customer.,2021-08-05 05:33:17,2021-08-05 05:33:17
Dillan,Tiara,Murazik,Investor Marketing Specialist,Wilderman,3.1,77831,878055,13,https://authors-avatar.s3.amazonaws.com/77.jpg,Dillan Tiara Murazik has a BS in Direct.,2021-08-05 05:33:17,2021-08-05 05:33:17
Raheem,Kian,Heidenreich,Dynamic Identity Executive,Bechtelar,3.4,77765,633598,53,https://authors-avatar.s3.amazonaws.com/78.jpg,Raheem Kian Heidenreich has a BS in Customer.,2021-08-05 05:33:17,2021-08-05 05:33:17
Loren,Marlin,Stehr,Lead Research Specialist,Jenkins - Littel,3.1,1627,352051,18,https://authors-avatar.s3.amazonaws.com/79.jpg,Loren Marlin Stehr has a BS in Legacy.,2021-08-05 05:33:17,2021-08-05 05:33:17
Myah,Amaya,Blanda,Product Functionality Developer,Kulas - Rodriguez,5.0,85635,910225,96,https://authors-avatar.s3.amazonaws.com/80.jpg,Myah Amaya Blanda has a BS in Future.,2021-08-05 05:33:17,2021-08-05 05:33:17
Watson,Karina,Brown,National Infrastructure Facilitator,Rempel - Fay,3.9,62492,415938,39,https://authors-avatar.s3.amazonaws.com/81.jpg,Watson Karina Brown has a BS in Legacy.,2021-08-05 05:33:17,2021-08-05 05:33:17
Ivy,Gerard,Leffler,Central Metrics Administrator,Schmitt - Connelly,3.4,46925,76409,12,https://authors-avatar.s3.amazonaws.com/82.jpg,Ivy Gerard Leffler has a BS in Dynamic.,2021-08-05 05:33:17,2021-08-05 05:33:17
Winston,Bertram,Lindgren,Investor Infrastructure Orchestrator,Schaden - Romaguera,4.6,71631,476098,79,https://authors-avatar.s3.amazonaws.com/83.jpg,Winston Bertram Lindgren has a BS in Global.,2021-08-05 05:33:17,2021-08-05 05:33:17
Dayton,Trever,Brekke,Global Branding Specialist,Bailey,4.4,88068,452863,40,https://authors-avatar.s3.amazonaws.com/84.jpg,Dayton Trever Brekke has a BS in Chief.,2021-08-05 05:33:17,2021-08-05 05:33:17
Fae,Alyson,Schuppe,Internal Operations Consultant,Rau - Wiza,3.2,59704,79593,15,https://authors-avatar.s3.amazonaws.com/85.jpg,Fae Alyson Schuppe has a BS in Customer.,2021-08-05 05:33:17,2021-08-05 05:33:17
Kassandra,Nina,Nolan,Dynamic Accounts Officer,Kuhlman - Lynch,4.4,11183,907744,45,https://authors-avatar.s3.amazonaws.com/86.jpg,Kassandra Nina Nolan has a BS in Internal.,2021-08-05 05:33:17,2021-08-05 05:33:17
Willy,Ryan,Kerluke,Product Directives Technician,Bins,3.3,16181,207092,41,https://authors-avatar.s3.amazonaws.com/87.jpg,Willy Ryan Kerluke has a BS in Direct.,2021-08-05 05:33:17,2021-08-05 05:33:17
Lucy,Taylor,Cassin,Investor Markets Administrator,DuBuque - Cremin,4.3,643,377750,93,https://authors-avatar.s3.amazonaws.com/88.jpg,Lucy Taylor Cassin has a BS in Future.,2021-08-05 05:33:17,2021-08-05 05:33:17
Harry,Timmy,Rogahn,International Creative Consultant,West,4.5,10241,806248,98,https://authors-avatar.s3.amazonaws.com/89.jpg,Harry Timmy Rogahn has a BS in Forward.,2021-08-05 05:33:17,2021-08-05 05:33:17
Jimmy,Marion,Kassulke,Senior Brand Producer,Hane Group,4.8,4994,809197,69,https://authors-avatar.s3.amazonaws.com/90.jpg,Jimmy Marion Kassulke has a BS in Forward.,2021-08-05 05:33:17,2021-08-05 05:33:17
Christy,Margie,Kunde,Human Factors Consultant,Collier,4.6,49703,229735,10,https://authors-avatar.s3.amazonaws.com/91.jpg,Christy Margie Kunde has a BS in Global.,2021-08-05 05:33:17,2021-08-05 05:33:17
Jamal,Lea,Trantow,Legacy Solutions Manager,Pollich and Sons,4.2,82646,418726,24,https://authors-avatar.s3.amazonaws.com/92.jpg,Jamal Lea Trantow has a BS in Central.,2021-08-05 05:33:17,2021-08-05 05:33:17
Levi,Mario,Monahan,Lead Interactions Planner,Stehr and Sons,5.0,66326,587968,70,https://authors-avatar.s3.amazonaws.com/93.jpg,Levi Mario Monahan has a BS in Customer.,2021-08-05 05:33:17,2021-08-05 05:33:17
Shanel,Price,Effertz,Forward Accounts Executive,Pfannerstill and Sons,4.7,32161,82194,34,https://authors-avatar.s3.amazonaws.com/94.jpg,Shanel Price Effertz has a BS in Corporate.,2021-08-05 05:33:17,2021-08-05 05:33:17
Georgette,Leonard,Casper,National Solutions Developer,Renner LLC,4.7,98617,932400,34,https://authors-avatar.s3.amazonaws.com/95.jpg,Georgette Leonard Casper has a BS in Senior.,2021-08-05 05:33:17,2021-08-05 05:33:17
Maynard,Jake,Von,Product Research Officer,Bernier Group,3.4,28575,452750,62,https://authors-avatar.s3.amazonaws.com/96.jpg,Maynard Jake Von has a BS in District.,2021-08-05 05:33:17,2021-08-05 05:33:17
Casandra,Delores,Heidenreich,Senior Configuration Agent,Kilback,4.7,87234,992295,48,https://authors-avatar.s3.amazonaws.com/97.jpg,Casandra Delores Heidenreich has a BS in Regional.,2021-08-05 05:33:17,2021-08-05 05:33:17
Kody,Aurore,Bauch,Future Directives Associate,Bruen Inc,4.5,52235,211349,42,https://authors-avatar.s3.amazonaws.com/98.jpg,Kody Aurore Bauch has a BS in Forward.,2021-08-05 05:33:17,2021-08-05 05:33:17
Erin,Coy,Johns,Dynamic Marketing Orchestrator,Conn,3.2,22357,667365,52,https://authors-avatar.s3.amazonaws.com/99.jpg,Erin Coy Johns has a BS in Lead.,2021-08-05 05:33:17,2021-08-05 05:33:17
Hortense,Mario,Keebler,Regional Configuration Technician,Bosco LLC,3.6,97982,548423,37,https://authors-avatar.s3.amazonaws.com/100.jpg,Hortense Mario Keebler has a BS in Dynamic.,2021-08-05 05:33:17,2021-08-05 05:33:17
